country,source,title,description,URL
France,LeMonde,"Réforme des retraites : Emmanuel Macron joue l’ironie, au risque d’alimenter la colère","« Les œufs et les casseroles, c’est pour faire la cuisine chez moi », a déclaré le chef de l’Etat, jeudi, lors d’un déplacement dans l’Hérault, après avoir déjà tourné en dérision, la veille, l’action de manifestants qui l’attendaient en tapant sur des plats en métal.",https://www.lemonde.fr/politique/article/2023/04/20/reforme-des-retraites-emmanuel-macron-joue-l-ironie-au-risque-d-alimenter-la-colere_6170378_823448.html
France,LeMonde,"Retraites : nouvelles manifestations et actions coup de poing en France, en attendant la mobilisation du 1er-Mai","La contestation de la réforme des retraites s’est poursuivie jeudi dans plusieurs villes de France, sous forme de « tour de chauffe » avant le 1er-Mai.",https://www.lemonde.fr/societe/article/2023/04/20/retraites-nouvelles-manifestations-et-actions-coup-de-poing-en-france-en-attendant-la-mobilisation-du-1er-mai_6170373_3224.html
France,LeMonde,Maintien de l’ordre : « Le drame de Sainte-Soline était à la fois résistible et prévisible »,"Le lourd bilan des manifestations contre les mégabassines est le résultat de choix politiques privilégiant la confrontation à la désescalade, estiment l’historien militaire Cédric Mas et le politologue Sebastian Roché dans une tribune au « Monde ».",https://www.lemonde.fr/idees/article/2023/04/20/maintien-de-l-ordre-le-drame-de-sainte-soline-etait-a-la-fois-resistible-et-previsible_6170358_3232.html
France,LeMonde,"Entre Emmanuel Macron et les intellectuels de gauche, l’histoire d’une désillusion","Sociologues, économistes, historiens… La gestion autoritaire de la réforme des retraites a fini de désenchanter une partie de penseurs de gauche séduits par le chef de l’Etat durant son premier quinquennat.",https://www.lemonde.fr/politique/article/2023/04/20/entre-emmanuel-macron-et-les-intellectuels-de-gauche-l-histoire-d-une-desillusion_6170344_823448.html
France,LeMonde,Le député Pierre Morel-A-L’Huissier visé par une enquête pour des soupçons de détournement de fonds publics,"Le député centriste de Lozère a été visé par des perquisitions jeudi, dans le cadre d’une enquête ouverte par le Parquet national financier (PNF) en novembre 2022, après une plainte déposée par Anticor.",https://www.lemonde.fr/politique/article/2023/04/20/le-depute-pierre-morel-a-l-huissier-vise-par-une-enquete-pour-des-soupcons-de-detournement-de-fonds-publics_6170322_823448.html
France,LeMonde,"Derrière le naufrage de la campagne de Pécresse, une guerre de tranchées dans l’équipe de la candidate Les Républicains","La candidate avait choisi Jean-Baptiste Doat, un proche de Bruno Retailleau, pour diriger sa communication numérique. Mais la greffe n’a pas pris avec les équipes issues de la primaire de la droite.",https://www.lemonde.fr/les-decodeurs/article/2023/04/20/derriere-le-naufrage-de-la-campagne-pecresse-une-guerre-de-tranchees-dans-l-equipe-de-la-candidate-les-republicains_6170309_4355770.html
France,LeMonde,Emmanuel Macron dans l’Hérault : relisez notre direct consacré à sa visite consacrée à l’éducation,"Après s’être rendu au collège Louise-Michel de Ganges, où il a annoncé une augmentation mensuelle comprise « entre 100 et 230 euros net » pour tous les enseignants, le chef de l’Etat a fait une étape à Pérols.",https://www.lemonde.fr/politique/live/2023/04/20/visite-d-emmanuel-macron-dans-l-herault-en-direct-le-chef-de-l-etat-deja-attendu-par-des-centaines-de-manifestants_6170300_823448.html
France,LeMonde,Réforme des retraites : la difficile évaluation de l’impact économique de la mobilisation,Rares sont les entreprises qui communiquent sur les conséquences et le coût des trois mois de mobilisation.,https://www.lemonde.fr/economie/article/2023/04/20/reforme-des-retraites-la-difficile-evaluation-de-l-impact-economique-de-la-mobilisation_6170289_3234.html
France,LeMonde,Baisse de la dette : Bercy table sur des dépenses moindres et une croissance plus dynamique,"Dans son programme de stabilité envoyé à Bruxelles, le gouvernement veut freiner la hausse de la dépense publique d’ici à la fin du quinquennat, mais sans préciser les économies nécessaires.",https://www.lemonde.fr/politique/article/2023/04/20/baisse-de-la-dette-bercy-table-sur-des-depenses-moindres-et-une-croissance-plus-dynamique_6170285_823448.html
France,LeMonde,"Dans l’Hérault, Emmanuel Macron a parlé éducation avec les enseignants et évité les manifestants","A Ganges, Emmanuel Macron a annoncé une « hausse inconditionnelle » du salaire mensuel de 100 à 230 euros net pour les enseignants, « à tous les niveaux de carrière » et « dès la rentrée ». Un comité d’accueil hostile l’attendait sur place.",https://www.lemonde.fr/politique/article/2023/04/20/emmanuel-macron-attendu-dans-l-herault-pour-parler-education-au-lendemain-d-un-retour-chahute-sur-le-terrain_6170280_823448.html
France,LeMonde,Ligue des droits de l’homme : « La répression des associations constitue l’ultime facette d’un mépris postdémocratique assumé »,"Rappelant que les associations sont souvent vues comme des « écoles de citoyenneté », les sociologues Antonio Delfini et Julien Talpin dénoncent, dans une tribune au « Monde », les pratiques institutionnelles qui les prennent pour cible.",https://www.lemonde.fr/idees/article/2023/04/20/ligue-des-droits-de-l-homme-la-repression-des-associations-constitue-l-ultime-facette-d-un-mepris-postdemocratique-assume_6170274_3232.html
France,LeMonde,« La France et l’Union européenne risquent de davantage subir la reconfiguration géopolitique globale que de l’orienter »,"Avec la loi de programmation militaire, Emmanuel Macron affirme sa volonté de réarmer le pays. Mais le directeur de l’Institut français des relations internationales explique dans une tribune au « Monde » que le retard pris par les Européens est trop important par rapport aux autres puissances.",https://www.lemonde.fr/idees/article/2023/04/20/la-france-et-l-union-europeenne-risquent-de-davantage-subir-la-reconfiguration-geopolitique-globale-que-de-l-orienter_6170270_3232.html
France,LeMonde,"Vincent Bolloré, la vraie fausse retraite","En théorie, le milliardaire breton a laissé la gestion de son groupe à ses deux fils. En pratique, il continue de tout décider, notamment ce qui concerne les médias. A 71 ans, ce très pieux capitaine d’industrie se sent investi d’une mission : utiliser son pouvoir pour défendre l’« Occident chrétien ».",https://www.lemonde.fr/economie/article/2023/04/20/vincent-bollore-la-vraie-fausse-retraite_6170255_3234.html
France,LeMonde,"Aux Etats-Unis, le démocrate Robert Kennedy Jr annonce sa candidature à la présidentielle de 2024","Le fils de l’ex-ministre Robert Kennedy et neveu du président John Fitzgerald Kennedy, tous deux assassinés dans les années 1960, est un personnage controversé qui propage notamment des théories complotistes sur les vaccins.",https://www.lemonde.fr/international/article/2023/04/20/etats-unis-le-democrate-robert-kennedy-junior-annonce-sa-candidature-a-la-presidentielle-de-2024_6170246_3210.html
France,LeMonde,Hubert Falco démis de ses fonctions de maire de Toulon par arrêté préfectoral,Le conseil municipal de la cité varoise et le conseil de la métropole ont quinze jours pour se réunir afin de procéder à l’élection d’un nouveau maire et de ses adjoints.,https://www.lemonde.fr/societe/article/2023/04/19/hubert-falco-demis-de-ses-fonctions-de-maire-de-toulon-par-arrete-prefectoral_6170224_3224.html
France,LeMonde,"Le concert de casseroles, un outil de contestation tapageur et historique","De la monarchie de Juillet à la contestation de la réforme des retraites en passant par les démonstrations de l’OAS, l’ustensile de cuisine a régulièrement été utilisé pour protester, bruyamment, contre le pouvoir en place.",https://www.lemonde.fr/politique/article/2023/04/19/le-concert-de-casseroles-un-outil-de-contestation-tapageur-et-historique_6170219_823448.html
France,LeMonde,Huées et « on est là » à Sélestat : Emmanuel Macron conspué lors d’un bain de foule en Alsace,"Le président français était en déplacement en Alsace, pour une visite d’usine.",https://www.lemonde.fr/videos/video/2023/04/19/emmanuel-macron-hue-pour-son-premier-bain-de-foule-apres-la-promulgation-de-la-reforme-des-retraites_6170209_1669088.html
France,LeMonde,"« Avec l’usage de la formule des “cent jours” attachée à l’épopée napoléonienne, c’est comme si Macron voulait tout recommencer »","En dessinant « cent jours d’action au service de la France », le chef de l’Etat espère enjamber la crise des retraites, mais aussi redonner du souffle à un second mandat qui n’en a jamais eu, comme le raconte le journaliste Ludovic Vigogne dans un livre sur les cent premiers jours ratés du président réélu il y a un an.",https://www.lemonde.fr/politique/article/2023/04/19/avec-l-usage-de-la-formule-des-cent-jours-attachee-a-l-epopee-napoleonienne-c-est-comme-si-macron-voulait-tout-recommencer_6170203_823448.html
France,LeMonde,"Laurent Berger quitte la tête de la CFDT : Olivier Véran salue « un partenaire sérieux, exigeant, parfois coriace »","Pour Emmanuel Macron, le futur ex-patron de la CFDT est « quelqu’un pour qui j’ai du respect, oserais-je dire de l’amitié ». Sophie Binet (CGT) salue, elle, la « féminisation des organisations syndicales » avec l’arrivée de Marylise Léon à la tête de la CFDT.",https://www.lemonde.fr/politique/article/2023/04/19/laurent-berger-quitte-ses-fonctions-emmanuel-macron-assure-avoir-du-respect-et-de-l-amitie-pour-le-patron-de-la-cfdt_6170190_823448.html
France,LeMonde,"Après l’explosion et l’effondrement de deux bâtiments rue de Tivoli, le « traumatisme » des habitants du quartier du Camas","Dix jours après le drame qui a tué huit habitants dans ce quartier du centre de Marseille, 300 personnes n’ont toujours pas regagné leur domicile.",https://www.lemonde.fr/societe/article/2023/04/19/apres-l-explosion-rue-de-tivoli-a-marseille-le-traumatisme-n-est-pas-pres-de-disparaitre_6170187_3224.html
France,LeMonde,"Retraites : « Notre Constitution étant ce qu’elle est, il était paradoxal de fonder tant d’espoirs sur le Conseil constitutionnel »","La Constitution, même rééquilibrée au profit du Parlement en 2008, n’a que faiblement restreint la possibilité de cumuls des procédures du parlementarisme rationalisé, affirme, dans une tribune au « Monde », la professeure de droit Valérie Goesel-Le Bihan.",https://www.lemonde.fr/idees/article/2023/04/19/retraites-notre-constitution-etant-ce-qu-elle-est-il-etait-paradoxal-de-fonder-tant-d-espoirs-sur-le-conseil-constitutionnel_6170186_3232.html
France,LeMonde,Associations : l’ambivalence de leur financement sous l’œil des sociologues,"Alors que le financement public de la Ligue des droits de l’homme est au cœur de l’actualité, Anne Bory, dans sa Carte blanche au « Monde », revient sur les travaux des sciences sociales sur l’équilibre fragile entre autonomie des associations et tentation de contrôle par la puissance publique.",https://www.lemonde.fr/sciences/article/2023/04/19/associations-l-ambivalence-de-leur-financement-sous-l-il-des-sociologues_6170170_1650684.html
France,LeMonde,« Les interdictions des conférences d’Amnesty International sur Israël s’apparentent à des atteintes répétées à la liberté d’expression »,"Le président d’Amnesty International France, Jean-Claude Samouiller, regrette, dans une tribune au « Monde », le manque de soutien du ministère de l’intérieur alors que l’ONG est confrontée à un déchaînement de haine et de menaces parce qu’elle a qualifié d’« apartheid » le système de répression de l’Etat israélien à l’égard des Palestiniens.",https://www.lemonde.fr/idees/article/2023/04/19/les-interdictions-des-conferences-d-amnesty-international-sur-israel-s-apparentent-a-des-atteintes-repetees-a-la-liberte-d-expression_6170168_3232.html
France,LeMonde,Laurent Berger quitte ses fonctions : « Je ne suis pas indispensable à la CFDT »,"Figure de la lutte contre la réforme des retraites, le secrétaire général du premier syndicat de France a annoncé, mercredi, qu’il laissera sa place le 21 juin à Marylise Léon, actuelle numéro deux de la confédération.",https://www.lemonde.fr/politique/article/2023/04/19/laurent-berger-quitte-ses-fonctions-je-ne-suis-pas-indispensable-a-la-cfdt_6170155_823448.html
France,LeMonde,Le retour à tâtons de la loi sur l’immigration,"Au sortir de la crise liée à la réforme des retraites, le gouvernement tergiverse sur les contours de ce projet de loi. Le ministre de l’intérieur, Gérald Darmanin, a dit mardi vouloir en reprendre l’examen alors qu’Emmanuel Macron avait assuré en mars qu’il serait découpé en plusieurs textes.",https://www.lemonde.fr/politique/article/2023/04/19/loi-sur-l-immigration-un-retour-a-tatons_6170151_823448.html
France,LeMonde,"Contre la fraude fiscale et sociale, le gouvernement promet de durcir la lutte","Lutter contre les différentes formes de fraude répond à un double objectif : faire entrer de l’argent dans les caisses de l’Etat, mais aussi adresser un message de fermeté aux classes moyennes.",https://www.lemonde.fr/politique/article/2023/04/19/l-executif-promet-de-durcir-la-lutte-contre-la-fraude-fiscale-et-sociale_6170142_823448.html
France,LeMonde,Emmanuel Macron rattrapé en Alsace par les huées et la colère persistante contre la réforme des retraites,"La journée du chef de l’Etat, venu visiter une usine, a été marquée par des bains de foules dans une ambiance parfois très hostile. Dans un entretien accordé aux journaux régionaux du groupe Ebra, le chef de l’Etat assure « mesurer les colères ».",https://www.lemonde.fr/politique/article/2023/04/19/emmanuel-macron-attendu-en-alsace-repart-au-contact-des-francais-pour-tenter-de-tourner-la-page-des-retraites_6170136_823448.html
France,LeMonde,"Réforme des retraites : « Sur le plan du contrôle a priori des lois, le Conseil constitutionnel n’existerait pas qu’on ne s’en rendrait pas vraiment compte »","Constatant le rôle restreint joué par le Conseil constitutionnel en comparaison de ce qu’il est dans les démocraties voisines, le juriste Dominique Chagnollaud ouvre, dans une tribune au « Monde », plusieurs pistes pour contrôler plus efficacement la constitutionnalité des lois, quitte à réformer l’institution.",https://www.lemonde.fr/idees/article/2023/04/19/reforme-des-retraites-sur-le-plan-du-controle-a-priori-des-lois-le-conseil-constitutionnel-n-existerait-pas-qu-on-ne-s-en-rendrait-pas-vraiment-compte_6170135_3232.html
France,LeMonde,"Les contours de France Travail, futur service public de l’emploi se précisent","Le rapport de la mission de préfiguration de France Travail devait être présenté par le ministre du travail, Olivier Dussopt, mercredi. Entre 2,3 et 2,7 milliards d’euros doivent être investis entre 2024 et 2026.",https://www.lemonde.fr/politique/article/2023/04/19/france-travail-les-contours-du-futur-service-public-de-l-emploi-se-precisent_6170132_823448.html
France,LeMonde,Didier Maus : « La leçon de droit parlementaire appliqué du Conseil constitutionnel sur la réforme des retraites devrait servir de modèle »,"Critiquée après sa décision de valider l’essentiel de la proposition de loi sur les retraites, l’institution a pourtant rendu un jugement en cohérence avec sa ligne habituelle, estime l’ancien conseiller d’Etat, dans une tribune au « Monde ».",https://www.lemonde.fr/idees/article/2023/04/19/didier-maus-la-lecon-de-droit-parlementaire-applique-du-conseil-constitutionnel-sur-la-reforme-des-retraites-devrait-servir-de-modele_6170126_3232.html
France,LeMonde,"Les JO 2024 à Paris, un horizon lointain dans les quartiers populaires","A moins de 500 jours de l’ouverture des Jeux olympiques et paralympiques de Paris, les banlieues du Nord et de l’Est ne sont pas encore pleinement entrées dans l’aventure et espèrent que les prochaines échéances permettront de renverser la vapeur.",https://www.lemonde.fr/sport/article/2023/04/19/les-jo-2024-a-paris-un-horizon-lointain-dans-les-quartiers-populaires_6170125_3242.html
France,LeMonde,Plus des deux tiers des actifs de plus de 40 ans craignent de ne pas tenir jusqu’à la retraite,"Selon l’étude Fondation The Adecco Group - Crédoc, publiée mercredi 19 avril, les enjeux de la seconde partie de carrière qui s’imposent aux RH en 2023 sont la santé, la rémunération et l’anticipation de l’évolution professionnelle.",https://www.lemonde.fr/emploi/article/2023/04/19/plus-des-deux-tiers-des-actifs-de-plus-de-40-ans-ne-pensent-pas-pouvoir-travailler-jusqu-a-l-age-legal-de-depart-a-la-retraite_6170121_1698637.html
France,LeMonde,Les semi-vérités du récit de la secrétaire d’Etat Sonia Backès sur la Scientologie,"Chargée des dérives sectaires, l’élue néo-calédonienne est accusée par son demi-frère d’exagérer à des fins politiques sa rupture avec sa mère morte à l’été 2022 et qui appartenait à l’Eglise de scientologie.",https://www.lemonde.fr/m-le-mag/article/2023/04/19/scientologie-les-semi-verites-du-recit-de-la-secretaire-d-etat-sonia-backes_6170112_4500055.html
France,LeMonde,"Entre Eric Dupond-Moretti et la police, l’éclaircie après l’orage",Le garde des sceaux insiste désormais sur une vision régalienne partagée entre les forces de l’ordre et la justice. Un front uni qui prend une importance particulière alors qu’Emmanuel Macron a fait de « l’ordre républicain » l’un de ses chantiers prioritaires.,https://www.lemonde.fr/societe/article/2023/04/19/entre-eric-dupond-moretti-et-la-police-l-eclaircie-apres-l-orage_6170109_3224.html
France,LeMonde,Réforme des retraites : « La recevabilité de la nouvelle version du RIP pourrait se heurter à trois obstacles »,"Si la nouvelle mouture du référendum d’initiative partagée sur les retraites − sur laquelle le Conseil constitutionnel doit rendre sa décision le 3 mai − évite plusieurs écueils, d’autres motifs d’irrecevabilité pourraient être mis en avant, estime Jérôme Roux, professeur de droit public, dans une tribune au « Monde ».",https://www.lemonde.fr/idees/article/2023/04/19/reforme-des-retraites-la-recevabilite-de-la-nouvelle-version-du-rip-pourrait-se-heurter-a-trois-obstacles_6170101_3232.html
France,LeMonde,"Face au « gouvernement des juges », les ambiguïtés du Rassemblement national","Peu diserte après la décision du Conseil constitutionnel sur la réforme des retraites, Marine Le Pen tranche avec l’ADN de son mouvement, historiquement adversaire de l’« Etat de droit ». Dans le reste de l’extrême droite, cette critique reste vivace.",https://www.lemonde.fr/politique/article/2023/04/18/face-au-gouvernement-des-juges-les-ambiguites-du-rassemblement-national_6170080_823448.html
France,LeMonde,Emmanuel Macron filmé en train de chanter avec un groupe de jeunes soupçonné de liens avec l’extrême droite,"« Il ne pouvait connaître à ce moment-là les antécédents de chaque personne avec laquelle il discutait », selon l’entourage du chef de l’Etat.",https://www.lemonde.fr/politique/article/2023/04/18/emmanuel-macron-a-ete-filme-en-train-de-chanter-un-chant-pyreneen-dans-la-rue-apres-son-allocution_6170076_823448.html
France,LeMonde,"Réforme des retraites : revivez la journée de mardi, au lendemain de l’allocution d’Emmanuel Macron","Le président devait assister à un concert à la maison d’éducation de la Légion d’honneur, au lendemain de son allocution sur la réforme des retraites.",https://www.lemonde.fr/politique/live/2023/04/18/reforme-des-retraites-en-direct-emmanuel-macron-accueilli-par-des-manifestants-lors-d-une-visite-a-saint-denis_6169963_823448.html
France,LeMonde,"Dans les « trois chantiers prioritaires » d’Emmanuel Macron, beaucoup de mesures déjà annoncées ou engagées","Le chef de l’Etat a lancé, lundi, une période de cent jours pour relancer son quinquennat en évoquant des dispositifs pour la plupart connus et qui font l’objet de contestations.",https://www.lemonde.fr/les-decodeurs/article/2023/04/18/dans-les-trois-chantiers-prioritaires-d-emmanuel-macron-beaucoup-de-mesures-deja-annoncees-ou-engagees_6170051_4355770.html
France,LeMonde,Les propos de Bruno Le Maire sur les aides sociales envoyées « au Maghreb » suscitent la colère de la gauche,"« Nos compatriotes en ont ras le bol de la fraude [sociale] », a jugé mardi sur BFM-TV le ministre des finances. « L’extrême droite remplit dangereusement le vide gouvernemental », a réagi le premier secrétaire du PS, Olivier Faure.",https://www.lemonde.fr/economie/article/2023/04/18/les-propos-de-bruno-le-maire-sur-les-aides-sociales-envoyees-au-maghreb-suscitent-la-colere-de-la-gauche_6170049_3234.html
France,LeMonde,"Réforme des retraites : « Ce n’est pas la justice constitutionnelle qui est en cause, mais bien les conditions dans lesquelles elle est rendue en France »","Dans une tribune au « Monde », la professeure de droit public Lauréline Fontaine explique que les décisions du 14 avril font oublier qu’une Constitution est établie pour fixer des limites au pouvoir afin qu’il ne s’exerce pas de manière arbitraire.",https://www.lemonde.fr/idees/article/2023/04/18/reforme-des-retraites-ce-n-est-pas-la-justice-constitutionnelle-qui-est-en-cause-mais-bien-les-conditions-dans-lesquelles-elle-est-rendue-en-france_6170046_3232.html
France,LeMonde,L’Assemblée nationale est à nouveau au complet : retrouvez les 577 députés,"EN UN GRAPHIQUE - Depuis plus de quatre mois, sept sièges de députés étaient vacants, dans l’attente des résultats de plusieurs élections partielles.",https://www.lemonde.fr/les-decodeurs/article/2023/04/18/l-assemblee-nationale-est-a-nouveau-au-complet-retrouvez-les-577-deputes-de-l-hemicycle_6170020_4355770.html
France,LeMonde,"Pour Emmanuel Macron, les pesanteurs d’un quinquennat sans horizon","Dans son allocution télévisée, lundi, le chef de l’Etat s’est donné un trimestre pour tenter de sortir du blocage né du conflit sur la réforme des retraites. Il dispose de très peu de marge pour y parvenir.",https://www.lemonde.fr/idees/article/2023/04/18/pour-emmanuel-macron-les-pesanteurs-d-un-quinquennat-sans-horizon_6170011_3232.html
France,LeMonde,"Emmanuel Macron annonce un « pacte de la vie au travail », les syndicats de salariés toujours opposés à la réforme des retraites","Alors que le chef de l’Etat cherche à jouer l’« apaisement », les organisations de salariés ont la ferme intention de continuer la mobilisation contre l’entrée en vigueur du texte.",https://www.lemonde.fr/politique/article/2023/04/18/malgre-l-annonce-par-macron-d-un-pacte-de-la-vie-au-travail-les-syndicats-toujours-opposes-a-la-reforme-des-retraites_6169999_823448.html
France,LeMonde,"Dans l’affaire du Fonds Marianne, embarras au sein de l’Etat après la mise en cause de Marlène Schiappa","Face au scandale suscité par l’octroi de dotations publiques dans le cadre du projet créé après l’assassinat de Samuel Paty, la secrétaire d’Etat balaie les accusations. La maire de Paris, Anne Hidalgo, a déposé plainte.",https://www.lemonde.fr/societe/article/2023/04/18/fonds-marianne-embarras-et-flou-au-sein-de-l-etat_6169992_3224.html
France,LeMonde,"Quatre-vingts ans après l’insurrection du ghetto de Varsovie, les survivants du Bund se souviennent","L’organisation juive et socialiste qui résista aux nazis joua un rôle moteur dans l’insurrection du ghetto de Varsovie, en 1943, contre les SS. De rares témoins se souviennent de la place qu’il occupait dans la vie des communautés d’Europe de l’Est.",https://www.lemonde.fr/international/article/2023/04/18/quatre-vingt-ans-apres-l-insurrection-du-ghetto-de-varsovie-les-survivants-du-bund-l-organisation-juive-et-socialiste-qui-resista-aux-nazis-se-souviennent_6169962_3210.html
France,LeMonde,Bernard Cazeneuve veut rassembler la gauche ni Macron ni Mélenchon,L’ancien premier ministre de François Hollande se prépare pour l’élection présidentielle de 2027. Son objectif : fédérer les élus et les électeurs de gauche déçus par le chef de l’Etat et opposés à l’alliance avec la Nupes du leader LFI.,https://www.lemonde.fr/politique/article/2023/04/18/bernard-cazeneuve-veut-rassembler-la-gauche-ni-macron-ni-melenchon_6169956_823448.html
France,LeMonde,Réforme des retraites : « La bienveillance du Conseil constitutionnel est le retour du refoulé autoritaire issu des origines de la Vᵉ République »,"La lecture strictement juridique de la réforme des retraites par le Conseil constitutionnel est le reflet de son histoire, estime Alexandre Viala, professeur de droit public, dans une tribune au « Monde » : celle d’un outil créé en vue de rationaliser le Parlement et de restreindre son influence.",https://www.lemonde.fr/idees/article/2023/04/18/reforme-des-retraites-la-bienveillance-du-conseil-constitutionnel-est-le-retour-du-refoule-autoritaire-issu-des-origines-de-la-v-republique_6169957_3232.html
France,LeMonde,"Emmanuel Macron, dans l’impasse politique, se donne cent jours pour relancer un quinquennat ensablé","Travail, sécurité, santé… Lors d’une allocution, le chef de l’Etat a présenté plusieurs chantiers pour tenter de faire oublier l’impopulaire réforme des retraites.",https://www.lemonde.fr/politique/article/2023/04/18/retraites-dans-l-impasse-politique-emmanuel-macron-se-donne-cent-jours-pour-tourner-la-page_6169953_823448.html
France,LeMonde,"Emmanuel Macron promet une école qui change, et liste des sujets qui fâchent les enseignants","En égrenant, en quelques secondes, les chantiers en cours au sein de l’éducation nationale, le chef de l’Etat a donné l’image d’une école en pleine transformation. Mais les changements font l’objet de crispations dans la communauté éducative.",https://www.lemonde.fr/societe/article/2023/04/18/emmanuel-macron-promet-une-ecole-qui-change-et-liste-des-sujets-qui-fachent-les-enseignants_6169942_3224.html
France,LeMonde,« Désengorger » les urgences d’ici à fin 2024 : les médecins « attendent de voir » comment sera déclinée la promesse,"L’objectif avancé par Emmanuel Macron, lundi, a suscité de premières réactions contrastées, alors que ces services hospitaliers traversent une crise depuis plusieurs années.",https://www.lemonde.fr/societe/article/2023/04/17/desengorger-les-urgences-d-ici-fin-2024-les-medecins-attendent-de-voir-comment-l-engagement-d-emmanuel-macron-sera-decline_6169939_3224.html
France,LeMonde,Allocution d’Emmanuel Macron : ce qu’il faut en retenir,"Le chef de l’Etat a dit regretter qu’un « consensus n’a[it] pas pu être trouvé » sur la réforme des retraites, mais est resté campé sur ses positions.",https://www.lemonde.fr/videos/video/2023/04/17/allocution-d-emmanuel-macron-ce-qu-il-faut-en-retenir_6169936_1669088.html
France,LeMonde,Réforme des retraites : Emmanuel Macron se donne « cent jours » pour agir « au service de la France »,"Le chef de l’Etat a fixé, lundi soir lors d’une allocution télévisée, trois chantiers, à commencer par la construction, avec les partenaires sociaux, d’un « nouveau pacte de la vie au travail » dont les contours restent à définir.",https://www.lemonde.fr/politique/article/2023/04/17/reforme-des-retraites-emmanuel-macron-se-donne-cent-jours-pour-agir-au-service-de-la-france_6169933_823448.html
France,LeMonde,"Réforme des retraites : revivez l’allocution d’Emmanuel Macron, trois jours après la promulgation de la loi","Des opposants à la réforme des retraites se sont rassemblés dans plusieurs villes de France pendant l’allocution d’Emmanuel Macron, lundi soir. A la nuit tombée, des manifestations spontanées ont donné lieu à des incidents, notamment à Lyon.",https://www.lemonde.fr/politique/live/2023/04/17/allocution-d-emmanuel-macron-en-direct-des-corteges-spontanes-defilent-dans-plusieurs-villes-2000-personnes-recensees-a-paris_6169902_823448.html
France,LeMonde,L’allocution d’Emmanuel Macron accueillie par des concerts de casseroles et les critiques des syndicats,"L’intersyndicale a estimé lundi soir que le président de la République « n’a toujours pas compris la colère qui s’exprime dans le pays ». Elle appelle de nouveau à faire du « 1er mai une journée de mobilisation massive, unitaire et populaire ».",https://www.lemonde.fr/politique/article/2023/04/17/l-allocution-d-emmanuel-macron-accueillie-par-des-concerts-de-casseroles-et-les-critiques-des-syndicats_6169930_823448.html
France,LeMonde,Manifestation contre la réforme des retraites : un militant CGT condamné à trois mois de prison avec sursis à Strasbourg,"Jérôme Herrbach, métallurgiste d’une cinquantaine d’années, salarié de l’usine Safran de Molsheim (Bas-Rhin), avait jeté une bouteille contre les forces de l’ordre lors d’une manifestation à Strasbourg la semaine dernière.",https://www.lemonde.fr/politique/article/2023/04/17/manifestation-contre-la-reforme-des-retraites-un-militant-condamne-a-trois-mois-de-prison-avec-sursis-a-strasbourg_6169900_823448.html
France,LeMonde,« Macron et Berger se sont connus sous le quinquennat de Hollande et c’est de là que découle leur différend »,"Trois dimensions nourrissent la défiance entre le président de la République et le secrétaire général de la CFDT : la première syndicale, la seconde politique, la troisième subliminale, observe dans sa chronique Françoise Fressoz, éditorialiste au « Monde ».",https://www.lemonde.fr/idees/article/2023/04/17/macron-et-berger-se-sont-connus-sous-le-quinquennat-de-hollande-et-c-est-de-la-que-decoule-leur-differend_6169896_3232.html
France,LeMonde,Zones à faibles émissions : le Sénat lance une consultation en ligne,"Une mission d’information sur l’acceptabilité du périmètre dans lequel la circulation des véhicules les plus polluants est limitée, voire interdite, a été mise en place. Les conclusions devraient être rendues en juin.",https://www.lemonde.fr/politique/article/2023/04/17/zones-a-faibles-emissions-le-senat-lance-une-consultation-en-ligne_6169889_823448.html
France,LeMonde,JO 2024 : écologistes et « insoumis » saisissent le Conseil constitutionnel contre la loi olympique,Le texte prévoit une expérimentation controversée : utiliser des images de caméras et de drones pour nourrir des algorithmes qui alerteraient automatiquement les autorités d’un événement potentiellement à risque.,https://www.lemonde.fr/politique/article/2023/04/17/jo-2024-ecologistes-et-insoumis-saisissent-le-conseil-constitutionnel-contre-la-loi-olympique-contenant-un-projet-de-videosurveillance-algorithmique_6169879_823448.html
France,LeMonde,Polynésie française : les indépendantistes arrivent en tête du premier tour des élections territoriales,"Le parti d’Oscar Temaru, qui a rassemblé 34,9 % des voix dimanche, est bien placé pour l’emporter au second tour, le 30 avril, face à la liste du président autonomiste sortant, Edouard Fritch (30,46 %).",https://www.lemonde.fr/politique/article/2023/04/17/polynesie-francaise-les-independantistes-arrivent-en-tete-du-premier-tour-des-elections-territoriales_6169878_823448.html
France,LeMonde,Laurent Berger se dit opposé à toute perturbation des JO 2024,"Des appels à perturber les Jeux olympiques et paralympiques ont été lancés, en cas de maintien par le gouvernement de la loi de réforme des retraites. Le secrétaire général de la CFDT a déclaré, lundi, être opposé à « ce type de menace » et à « ce type d’action ».",https://www.lemonde.fr/sport/article/2023/04/17/jo-2024-laurent-berger-se-dit-oppose-a-toute-perturbation-des-jeux_6169861_3242.html
France,LeMonde,Paris ouvre une consultation sur l’avenir d’une voie du périphérique de la capitale,"La Mairie entend en réserver une au covoiturage, aux taxis et aux transports en commun à l’horizon 2030, tandis que la présidente de la région Ile-de-France, Valérie Pécresse (LR), a estimé qu’il n’était « pas possible de fermer une voie (…) compte tenu du trafic ».",https://www.lemonde.fr/politique/article/2023/04/17/paris-ouvre-une-consultation-sur-l-avenir-d-une-voie-du-peripherique-de-la-capitale_6169858_823448.html
France,LeMonde,Chantage financier contre la LDH : la démocratie a besoin d’associations indépendantes,"En reprenant à son compte les attaques contre la Ligue des droits de l’homme souvent brandies par l’extrême droite, le ministre de l’intérieur a franchi une dangereuse ligne rouge. Seuls les Etats illibéraux ou totalitaires exigent une société civile à leur botte.",https://www.lemonde.fr/idees/article/2023/04/17/la-democratie-a-besoin-d-associations-independantes_6169850_3232.html
France,LeMonde,Réforme des retraites : les syndicats dénoncent le « mépris » et la « radicalisation » d’Emmanuel Macron,"La promulgation rapide de la loi sur les retraites, dans la nuit de vendredi à samedi, a choqué les organisations de salariés, qui appellent à un « raz de marée » le 1er-Mai.",https://www.lemonde.fr/politique/article/2023/04/17/reforme-des-retraites-les-syndicats-denoncent-le-mepris-et-la-radicalisation-d-emmanuel-macron_6169845_823448.html
France,LeMonde,Retraites : la gauche cherche à rebondir après la promulgation éclair de la loi,"Nouvelle motion de censure contre le gouvernement, second RIP ou proposition de loi d’abrogation, la Nupes multiplie les initiatives pour tenter de bloquer la réforme des retraites.",https://www.lemonde.fr/politique/article/2023/04/17/retraites-la-gauche-cherche-a-rebondir-apres-la-promulgation-eclair-de-la-loi_6169838_823448.html
France,LeMonde,"Retraites : « Au fond, c’est l’essoufflement du modèle technocratique institué par le général de Gaulle que cette crise révèle »","La réforme du gouvernement va laisser des traces profondes, analyse Solenn de Royer dans sa chronique. Pour en sortir, Emmanuel Macron doit rompre avec cette verticalité du pouvoir dont les Français ne veulent plus, et dessiner, enfin, un chemin collectif.",https://www.lemonde.fr/politique/article/2023/04/17/au-fond-c-est-l-essoufflement-du-modele-technocratique-institue-par-de-gaulle-que-cette-crise-revele_6169813_823448.html
France,LeMonde,Emmanuel Macron mise sur sa prise de parole pour réparer son lien avec les Français,"Le chef de l’Etat s’exprime lundi à 20 heures, dans une allocution solennelle. Au menu, sens du travail et partage de la richesse, deux thèmes qui, selon lui, sont au cœur de la colère déclenchée par la réforme des retraites.",https://www.lemonde.fr/politique/article/2023/04/17/emmanuel-macron-mise-sur-sa-prise-de-parole-pour-reparer-son-lien-avec-les-francais_6169807_823448.html
France,LeMonde,"A Tahiti, l’envers sombre du paradis touristique","Derrière la carte postale, les inégalités sociales sont immenses en Polynésie française, où plus d’un quart de la population vit sous le seuil de pauvreté. La population autochtone pourrait être attirée par le parti indépendantiste lors des élections territoriales du 30 avril.",https://www.lemonde.fr/idees/article/2023/04/17/a-tahiti-l-envers-sombre-du-paradis-touristique_6169799_3232.html
France,LeMonde,Français de l’étranger : les trois sortants réélus dans les législatives partielles,"Dans la 8ᵉ circonscription, l’apparenté LR Meyer Habib est réélu avec près de 54 % des suffrages. Dans la 2ᵉ, la macroniste Eléonore Caroit l’emporte avec 62,44 %, et dans la 9ᵉ, le député Nupes Karim Ben Cheikh gagne avec 67,65 %.",https://www.lemonde.fr/politique/article/2023/04/17/francais-de-l-etranger-les-trois-sortants-reelus-dans-les-legislatives-partielles_6169795_823448.html
France,LeMonde,"« Grotte d’Ouvéa, le prix du sang », sur France 5 : du bain de sang inutile à l’amorce d’un dialogue","En mai 1988, l’assaut militaire contre la prise d’otages de la grotte d’Ouvéa, en Nouvelle-Calédonie, fera 25 morts. Marion Guégan retrace les racines historiques, politiques et culturelles de ce drame",https://www.lemonde.fr/culture/article/2023/04/16/grotte-d-ouvea-le-prix-du-sang-sur-france-5-du-bain-de-sang-inutile-a-l-amorce-d-un-dialogue_6169787_3246.html
France,LeMonde,"Polynésie : après cinquante ans de duels, le crépuscule de Gaston Flosse et Oscar Temaru","Considérés par leurs militants comme les derniers guides, « metua » en tahitien, l’ancien protégé de Jacques Chirac et Oscar Temaru, la figure de l’indépendantisme polynésien, quittent la scène.",https://www.lemonde.fr/politique/article/2023/04/16/polynesie-apres-cinquante-ans-de-duels-le-crepuscule-de-gaston-flosse-et-oscar-temaru_6169768_823448.html
France,LeMonde,"Après les révélations sur l’utilisation des subventions du « Fonds Marianne », un sénateur PS réclame au gouvernement des documents","En vertu de ses pouvoirs de président de la commission des finances, Claude Raynal exige aussi de connaître le montant des subventions accordées et « tout résultat de contrôle » de leur utilisation.",https://www.lemonde.fr/politique/article/2023/04/16/fonds-marianne-un-senateur-ps-reclame-les-documents-d-ici-a-mercredi-apres-des-revelations-sur-les-subventions_6169754_823448.html
France,LeMonde,"Réforme des retraites : « Emmanuel Macron devient brutal et autoritaire », dénonce Clémentine Autain","Invitée de l’émission « Questions politiques » sur France Inter en partenariat avec France Télévisions et Le Monde, la députée LFI de Seine-Saint-Denis estime que la France connaît « une crise de régime » après l’adoption de la réforme des retraites.",https://www.lemonde.fr/politique/article/2023/04/16/en-direct-clementine-autain-invitee-de-questions-politiques_6169753_823448.html
France,LeMonde,Réforme des retraites : « Le Conseil constitutionnel a perdu une chance de rétablir un degré d’équilibre entre les pouvoirs »,"Le constitutionnaliste Denis Baranger estime, dans une tribune au « Monde », que dans la décision sur la réforme des retraites, les juges de la rue de Montpensier se contentent d’être les gardiens scrupuleux des prérogatives très larges que donne à l’exécutif une Constitution de parlementarisme dit « rationalisé ».",https://www.lemonde.fr/idees/article/2023/04/16/reforme-des-retraites-le-conseil-constitutionnel-a-perdu-une-chance-de-retablir-un-degre-d-equilibre-entre-les-pouvoirs_6169737_3232.html
France,LeMonde,Polynésie française : les indépendantistes en bonne position pour les élections territoriales,"Deux listes dominent pour le scrutin des 16 et 30 avril destiné à renouveler l’assemblée locale qui élira le président, celle du sortant autonomiste Edouard Fritch et celle de l’indépendantiste Oscar Temaru, conduite avec de nouvelles figures.",https://www.lemonde.fr/politique/article/2023/04/16/polynesie-francaise-les-independantistes-en-bonne-position-pour-les-elections-territoriales_6169724_823448.html
France,LeMonde,Marie-George Buffet : « Je sais ce que sont les coupures d’eau et d’électricité »,"« Je ne serais pas arrivée là si… » Chaque semaine, « Le Monde » interroge une personnalité sur un moment décisif de son existence. L’ancienne ministre communiste revient sur la vie précaire de sa famille, qui a forgé son appétit d’engagement.",https://www.lemonde.fr/politique/article/2023/04/16/marie-george-buffet-je-sais-ce-que-sont-les-coupures-d-eau-et-d-electricite_6169717_823448.html
France,LeMonde,"Réforme des retraites : « La décision du Conseil constitutionnel s’impose mais, parce qu’elle est mal fondée et mal motivée en droit, elle ne peut pas clore le contentieux »","Le constitutionnaliste Dominique Rousseau souligne, dans une tribune au « Monde », les contradictions de la décision de l’institution de la rue de Montpensier sur la réforme des retraites qui fait selon lui « souffrir la logique juridique ».",https://www.lemonde.fr/idees/article/2023/04/16/reforme-des-retraites-la-decision-du-conseil-constitutionnel-s-impose-mais-parce-qu-elle-est-mal-fondee-et-mal-motivee-en-droit-elle-ne-peut-pas-clore-le-contentieux-des-retraites_6169709_3232.html
France,LeMonde,Jean-Marie Le Pen hospitalisé à la suite d’un malaise cardiaque,"Agé de 94 ans, le fondateur du Front national a été transporté dans un hôpital en région parisienne, où il est entouré de ses proches.",https://www.lemonde.fr/politique/article/2023/04/16/jean-marie-le-pen-hospitalise-a-la-suite-d-un-malaise-cardiaque_6169705_823448.html
France,LeMonde,Manuel Bompard propose à la Nupes d’ouvrir « la discussion sur les européennes avant l’été »,"Le coordinateur de LFI espère, dans une interview au « JDD », parvenir à une candidature commune en 2024 et se dit prêt, pour y parvenir, à envisager une tête de liste écologiste.",https://www.lemonde.fr/politique/article/2023/04/16/manuel-bompard-propose-a-la-nupes-d-ouvrir-la-discussion-sur-les-europeennes-avant-l-ete_6169703_823448.html
France,LeMonde,"Après la promulgation de la réforme des retraites, Emmanuel Macron veut « faire le bilan », les syndicats refusent l’« agenda » du gouvernement","Le président de la République s’exprimera lundi soir « dans une logique d’apaisement », selon l’Elysée. L’intersyndicale reste « déterminée » à poursuivre le combat contre le recul de l’âge légal de départ à 64 ans et promet une grande mobilisation le 1er mai.",https://www.lemonde.fr/politique/article/2023/04/16/retraites-apres-une-promulgation-eclair-les-syndicats-determines-a-poursuivre-le-combat_6169701_823448.html
France,LeMonde,"Après avoir promulgué la loi sur la réforme des retraites, Emmanuel Macron s’exprimera dans une allocution lundi","Après la promulgation de la réforme des retraites sitôt connue la décision du Conseil constitutionnel, le patron de la CFDT estime que le chef de l’Etat « n’a pas fait le choix de l’apaisement ». « Je souhaite que le 1er mai, on casse la baraque en nombre de manifestants dans la rue », ajoute-t-il.",https://www.lemonde.fr/politique/live/2023/04/15/retraites-en-direct-emmanuel-macron-fait-preuve-de-mepris-et-de-deconnexion-juge-laurent-berger_6169636_823448.html
France,LeMonde,« Le RIP est à tort perçu comme un moyen pour les citoyens de faire valoir une revendication forte »,"Le rejet de la proposition de loi de l’opposition par le Conseil constitutionnel dans le cadre de la réforme des retraites s’inscrit, selon la juriste Marthe Fatin-Rouge Stefanini, dans une jurisprudence qui semble restreindre considérablement les conditions d’utilisation du référendum d’initiative partagée.",https://www.lemonde.fr/idees/article/2023/04/15/rip-et-reforme-des-retraites-d-illusions-en-desillusions_6169694_3232.html
France,LeMonde,"« Pour comprendre le caractère précieux du Conseil constitutionnel, il suffit de tourner le regard vers les pays où les institutions de contrôle sont de pures façades »","De la Pologne au Brésil, d’Israël à la Hongrie, les attaques contre les juges chargés du respect des règles constitutionnelles et des droits civiques protégés par ces dernières menacent les libertés publiques et le respect des votes démocratiques, explique Philippe Bernard, éditorialiste au « Monde », dans sa chronique.",https://www.lemonde.fr/idees/article/2023/04/15/pour-comprendre-le-caractere-precieux-du-conseil-constitutionnel-il-suffit-de-tourner-le-regard-vers-les-pays-ou-les-institutions-de-controle-sont-de-pures-facades_6169659_3232.html
France,LeMonde,"« Désastre pour la nation », « gâchis collectif »… les réactions dans la presse après la validation de la réforme des retraites","Les éditorialistes ont fustigé unanimement la décision du Conseil constitutionnel, qui a validé vendredi l’essentiel de la réforme, dont le report de l’âge légal à 64 ans, quelques heures avant la promulgation au « Journal officiel » par Emmanuel Macron.",https://www.lemonde.fr/politique/article/2023/04/15/retraites-desastre-pour-la-nation-gachis-collectif-la-presse-deplore-la-decision-du-conseil-constitutionnel-validant-le-texte_6169658_823448.html
France,LeMonde,Faut-il instaurer un quota de carbone par personne ?,"Un collectif défend le principe d’un « compte carbone », mais cette idée se heurte à certaines limites pratiques.",https://www.lemonde.fr/podcasts/article/2023/04/15/climat-faut-il-un-quota-de-carbone-par-personne_6169652_5463015.html
France,LeMonde,"La réforme des retraites, ou les dégâts d’un conflit interminable","Pour sortir du conflit des retraites, Emmanuel Macron ne peut se contenter d’invoquer la légalité que lui a apportée la décision du Conseil constitutionnel. Il doit prendre la mesure de la crise de défiance qu’entraîne sa réforme.",https://www.lemonde.fr/idees/article/2023/04/15/les-degats-d-un-conflit-interminable_6169651_3232.html
France,LeMonde,"Pour les syndicats, le combat contre la réforme des retraites « n’est pas fini »","Les organisations de salariés et de défense de la jeunesse appellent à une nouvelle journée de mobilisation, le 1er-Mai.",https://www.lemonde.fr/politique/article/2023/04/15/pour-les-syndicats-le-combat-contre-la-reforme-des-retraites-n-est-pas-fini_6169646_823448.html
France,LeMonde,"Emmanuel Macron promulgue la réforme des retraites, malgré la contestation","Quelques heures à peine après la validation de l’essentiel du texte par le Conseil constitutionnel, le chef de l’Etat a promulgué le texte. L’intersyndicale lui avait demandé « solennellement » de ne pas le faire. Lui veut tourner la page et prendra la parole lundi soir.",https://www.lemonde.fr/politique/article/2023/04/15/retraites-emmanuel-macron-promulgue-la-reforme-malgre-une-contestation-toujours-vive_6169626_823448.html
France,LeMonde,« Je pensais que les gens réagiraient plus » : torpeur à Paris après la décision du Conseil constitutionnel,"Plusieurs milliers de manifestants s’étaient rassemblés dans la capitale, vendredi, dans l’attente d’une décision qui les a finalement laissés plus dépités que surpris.",https://www.lemonde.fr/societe/article/2023/04/15/a-paris-apres-la-decision-du-conseil-constitutionnel-c-est-comme-ca-que-se-termine-une-democratie_6169612_3224.html
France,LeMonde,"Hubert Falco condamné par la justice, des successions s’ouvrent à Toulon et à l’agglomération","Le maire de la métropole varoise, homme de droite rallié à Emmanuel Macron, tient la ville depuis 2001. Sa condamnation, vendredi, à trois ans de prison avec sursis et cinq ans d’inéligibilité applicables immédiatement bouleverse la donne politique locale.",https://www.lemonde.fr/societe/article/2023/04/15/hubert-falco-mis-hors-jeu-par-la-justice-des-successions-s-ouvrent-a-toulon-et-a-l-agglomeration_6169609_3224.html
France,LeMonde,Réforme des retraites : la loi est officiellement promulguée,"Après la validation du texte par le Conseil constitutionnel, vendredi, l’Elysée avait promis une promulgation sous quarante-huit heures. Selon le « Journal officiel » de samedi, c’est déjà chose faite.",https://www.lemonde.fr/politique/article/2023/04/15/reforme-des-retraites-la-loi-est-officiellement-promulguee_6169604_823448.html
France,LeMonde,Le Conseil constitutionnel sur la réforme des retraites : une décision qui « renforce » l’exécutif,"Les neuf membres du Conseil ont jugé que l’essentiel du projet de loi du gouvernement n’était pas contraire à la Constitution. Ils ont rejeté quelques mesures et le référendum d’initiative partagée. Si certains juristes jugent qu’il « n’y a pas de surprises », d’autres estiment que cette validation sera « lourde de conséquences ».",https://www.lemonde.fr/politique/article/2023/04/14/le-conseil-constitutionnel-sur-la-reforme-des-retraites-une-decision-qui-renforce-l-executif_6169597_823448.html
France,LeMonde,Retraites : revivez la journée de vendredi et la validation de la réforme par le Conseil constitutionnel,"Le président de la République Emmanuel Macron a promulgué la loi sur la réforme des retraites, dont le report de l’âge légal de départ à 64 ans, selon le Journal officiel de samedi, après la validation du texte par le Conseil constitutionnel.",https://www.lemonde.fr/politique/live/2023/04/14/retraites-en-direct-apres-les-decisions-du-conseil-constitutionnel-qui-valide-la-reforme-des-manifestations-spontanees-dans-plusieurs-grandes-villes-de-france_6169475_823448.html
France,LeMonde,Ce que le Conseil constitutionnel a gardé ou écarté dans la réforme des retraites,"Les sages ont validé, vendredi, l’essentiel de la réforme des retraites, à l’exception de six cavaliers sociaux, dont l’« index seniors ».",https://www.lemonde.fr/les-decodeurs/article/2023/04/14/retraites-ce-que-le-conseil-constitutionnel-a-garde-ou-ecarte-des-differentes-saisines_6169591_4355770.html
France,LeMonde,"Après l’invalidation du premier référendum d’initiative partagée sur la réforme des retraites, le second a-t-il une chance ?",Le Conseil constitutionnel a estimé que la proposition de loi présentée par l’opposition ne constituait pas une « réforme » relative à la politique sociale. Un deuxième projet doit être examiné d’ici au 3 mai.,https://www.lemonde.fr/les-decodeurs/article/2023/04/14/retraites-apres-l-invalidation-du-premier-referendum-d-initiative-partagee-le-second-a-t-il-une-chance_6169587_4355770.html
France,LeMonde,Réforme des retraites : ce que contient le texte définitif,La discussion parlementaire et le contrôle du Conseil constitutionnel ont légèrement modifié le projet de loi initial du gouvernement,https://www.lemonde.fr/les-decodeurs/article/2023/04/14/reforme-des-retraites-ce-que-contient-le-texte-definitif_6169586_4355770.html
France,LeMonde,Consultez la décision du Conseil constitutionnel sur la réforme des retraites,"Vendredi, l’institution, saisie par la première ministre et des parlementaires, a validé la majeure partie de la réforme des retraites et rejeté le projet de référendum d’initiative partagée.",https://www.lemonde.fr/politique/article/2023/04/14/la-decision-du-conseil-constitutionnel-sur-la-reforme-des-retraites_6169564_823448.html
France,LeMonde,"La LDH fait face à une « stigmatisation inquiétante », estime le Défenseur des droits","« La liberté d’association est un des principes fondamentaux d’une société démocratique », rappelle l’institution, après que plusieurs membres du gouvernement ont questionné le rôle de l’association et les subventions qui lui sont accordées.",https://www.lemonde.fr/politique/article/2023/04/14/en-pleine-polemique-sur-la-ldh-le-defenseur-des-droits-inquiet-des-atteintes-a-la-liberte-d-association_6169546_823448.html
France,LeMonde,« Fonds Marianne » : plusieurs personnalités politiques vont signaler les faits à la justice,"La maire de Paris, Anne Hidalgo, et la cheffe de file des députés La France insoumise, Mathilde Panot, ont annoncé vouloir signaler à la procureure de la République les révélations de presse sur le fonds lancé par Marlène Schiappa en 2021.",https://www.lemonde.fr/politique/article/2023/04/14/fonds-marianne-plusieurs-personnalites-politiques-vont-signaler-les-faits-a-la-justice_6169540_823448.html
France,LeMonde,"Le smic va augmenter de 2,19 % au 1er mai du fait de l’inflation, selon le gouvernement","« J’invite toutes les branches professionnelles et toutes les entreprises qui le peuvent à se mobiliser aussi pour répondre à cette première préoccupation des Français qui est le pouvoir d’achat », a déclaré la première ministre Elisabeth Borne.",https://www.lemonde.fr/politique/article/2023/04/14/le-smic-va-augmenter-de-2-19-au-1er-mai-du-fait-de-l-inflation-selon-le-gouvernement_6169522_823448.html
France,LeMonde,Réforme des retraites et consentement : le « seul contre tous » d’Emmanuel Macron,Le président de la République estime que sa légitimité pour réformer ne peut être contestée. Au point de provoquer le malaise au sein de sa propre majorité.,https://www.lemonde.fr/politique/article/2023/04/14/retraites-la-plupart-des-presidents-de-la-v-republique-ont-du-a-un-moment-donne-reculer-pour-eviter-de-fracturer-la-societe_6169520_823448.html
France,LeMonde,"Malgré la crise sociale, l’étonnante résistance de l’économie française","En dépit des tensions sociales et de la flambée des prix de l’alimentation et de l’énergie, les entreprises demeurent optimistes.",https://www.lemonde.fr/politique/article/2023/04/14/malgre-la-crise-sociale-l-etonnante-resistance-de-l-economie-francaise_6169499_823448.html
France,LeMonde,"A l’Assemblée, le choix du raidissement face à l’exécutif","Demande de commission d’enquête sur la gestion du Fonds Marianne, rejet du candidat macroniste à la tête de l’Ademe, camouflet sur la loi de programmation militaire… Le camp présidentiel a subi plusieurs revers au sein d’un Parlement encore hérissé par l’usage du 49.3.",https://www.lemonde.fr/politique/article/2023/04/14/a-l-assemblee-le-choix-du-raidissement-face-a-l-executif_6169501_823448.html
France,LeMonde,"« Playboy » dans « Le Monde », un empire sulfureux qui a perdu peu à peu de son charme",Les photos de Marlène Schiappa récemment publiées dans le trimestriel français ont remis en lumière la publication créée aux Etats-Unis en 1953. Il a fallu attendre le 4 décembre 1962 pour que la revue de Hugh Hefner fasse son apparition dans le quotidien du soir.,https://www.lemonde.fr/m-le-mag/article/2023/04/14/playboy-dans-le-monde-un-empire-sulfureux-qui-a-perdu-peu-a-peu-de-son-charme_6169490_4500055.html
France,LeMonde,"A la soirée de « Valeurs actuelles », Manuel Valls s’inquiète du « risque civilisationnel » devant le gratin de l’extrême droite","Réunies dans un événement organisé, jeudi à Paris, par le magazine réactionnaire, 3 500 personnes sont venues écouter la droite dans toute sa diversité s’inquiéter d’une France « en train de disparaître ».",https://www.lemonde.fr/politique/article/2023/04/14/a-la-soiree-de-valeurs-actuelles-manuel-valls-s-inquiete-du-risque-civilisationnel-devant-le-gratin-de-l-extreme-droite_6169486_823448.html
France,LeMonde,Retraites : un « crash-test » pour le référendum d’initiative partagée,"En 2020, le projet de RIP contre la privatisation d’aéroports de Paris avait recueilli moins de 1,1 million de parrainages citoyens, loin des 4,8 millions requis.",https://www.lemonde.fr/politique/article/2023/04/14/reforme-des-retraites-un-crash-test-pour-le-referendum-d-initiative-partagee_6169470_823448.html
France,LeMonde,Réforme des retraites : la crise a changé le regard porté sur Emmanuel Macron à l’étranger,"La séquence a durci le jugement porté sur le pays et ses institutions, le 49.3 restant globalement peu compris hors de France. Surtout, le chef de l’Etat, adulé à l’international en 2017, semble désormais susciter une forme d’incompréhension.",https://www.lemonde.fr/politique/article/2023/04/14/du-jeune-president-admire-au-dirigeant-arrogant-et-obstine-comment-la-crise-des-retraites-a-change-le-regard-porte-sur-emmanuel-macron-a-l-etranger_6169467_823448.html
France,LeMonde,« Le mouvement social actuel est en train d’avoir des conséquences bien pires sur le pouvoir en place que le mouvement des “gilets jaunes” »,"L’image d’Emmanuel Macron est bien plus affectée par la crise sociale actuelle que par celle née fin 2018, estime Antoine Bristielle, directeur de l’Observatoire de l’opinion de la Fondation Jean Jaurès, dans une tribune au « Monde ».",https://www.lemonde.fr/idees/article/2023/04/14/le-mouvement-social-actuel-est-en-train-d-avoir-des-consequences-bien-pires-sur-le-pouvoir-en-place-que-le-mouvement-des-gilets-jaunes_6169465_3232.html
France,LeMonde,Maintien de l’ordre : « Il y a trop de blessés parmi les manifestants et les forces de sécurité »,"Suite aux incidents qui ont émaillé les dernières journées de mobilisation contre la réforme des retraites et contre les mégabassines, Benjamin Lucas, député Génération.s, appelle, dans une tribune au « Monde », à organiser un grand débat démocratique autour du maintien de l’ordre.",https://www.lemonde.fr/idees/article/2023/04/14/maintien-de-l-ordre-il-y-a-trop-de-blesses-parmi-les-manifestants-et-les-forces-de-securite_6169461_3232.html
France,LeMonde,Emmanuel Macron mise sur la décision du Conseil constitutionnel pour clore le chapitre des retraites,"Dans le gouvernement comme dans l’opposition, rares sont ceux qui s’attendent à une censure totale du texte. Le chef de l’Etat espère que la décision, prévue vendredi, va permettre d’apaiser les esprits afin qu’il puisse reprendre la main.",https://www.lemonde.fr/politique/article/2023/04/14/emmanuel-macron-mise-sur-la-decision-du-conseil-constitutionnel-pour-clore-le-chapitre-des-retraites_6169458_823448.html
France,LeMonde,"Patrick Baudouin, président de la LDH : « Les libertés publiques en France sont en péril »","En pleine polémique avec le gouvernement, le président de la Ligue des droits de l’homme répond, dans un entretien au « Monde », aux accusations de Gérald Darmanin et d’Elisabeth Borne.",https://www.lemonde.fr/societe/article/2023/04/14/patrick-baudouin-president-de-la-ldh-l-etat-des-libertes-publiques-en-france-est-en-peril_6169445_3224.html
France,LeMonde,"L’enjeu du manque d’eau, impensé du Rassemblement national","Face aux vagues de sécheresse sur leurs terres électorales, des élus du parti de Marine Le Pen relativisent l’ampleur du réchauffement climatique, opposant le « bon sens paysan » au « catastrophisme » des scientifiques.",https://www.lemonde.fr/politique/article/2023/04/14/l-enjeu-du-manque-d-eau-trou-noir-de-la-pensee-du-rassemblement-national_6169442_823448.html
France,LeMonde,"La participation à la 12e journée de mobilisation contre la réforme des retraites en net recul, selon l’intersyndicale et le ministère de l’intérieur","Les opposants étaient moins nombreux dans les rues, jeudi : 380 000 selon le ministère de l’intérieur, contre 570 000, jeudi dernier. La CGT en revendique 1,5 million, en-deçà des 2 millions rencensés le 6 avril. Les regards sont désormais tournés vers le Conseil constitutionnel, qui annoncera vendredi s’il valide le texte.",https://www.lemonde.fr/politique/live/2023/04/13/manifestations-du-13-avril-contre-la-reforme-des-retraites-en-direct-une-participation-bien-moins-forte-selon-l-intersyndicale-et-le-gouvernement_6169302_823448.html
France,LeMonde,Retraites : les éboueurs de Paris à nouveau en grève contre la réforme,"Le mouvement contre la réforme du gouvernement a été relancé jeudi 13 avril, avec le soutien de militants d’autres secteurs.",https://www.lemonde.fr/economie/article/2023/04/13/contre-les-retraites-les-eboueurs-de-paris-a-nouveau-en-greve-on-ne-nous-entend-pas-en-manif-on-mettra-paris-sous-les-poubelles_6169425_3234.html
France,LeMonde,"Partout en France, des manifestants contre la réforme des retraites dans l’attente de la décision du Conseil constitutionnel : « Si on n’y croyait plus, on ne serait pas là »","Dans les cortèges réunis pour la douzième fois, jeudi, la participation était en baisse mais les manifestants avaient le regard tourné vers l’institution de la rue de Montpensier, qui doit rendre sa décision sur la constitutionnalité de la réforme et le référendum d’initiative partagée.",https://www.lemonde.fr/politique/article/2023/04/13/partout-en-france-des-manifestants-dans-l-attente-de-la-decision-du-conseil-constitutionnel-si-on-n-y-croyait-plus-du-tout-on-ne-serait-pas-la_6169421_823448.html
France,LeMonde,La gauche présente une deuxième demande de référendum d’initiative partagée à transmettre au Conseil constitutionnel,"Cette deuxième demande est adressée avec « le même texte », complété d’un deuxième article afin de pallier « l’éventuelle faiblesse » du premier et « sécuriser la rédaction ».",https://www.lemonde.fr/politique/article/2023/04/13/reforme-des-retraites-la-gauche-presente-une-deuxieme-demande-de-referendum-d-initiative-partagee_6169420_823448.html
France,LeMonde,"Perquisition chez Marc-Philippe Daubresse, sénateur LR du Nord, dans une enquête pour détournement de fonds publics",L’élu fait l’objet d’une enquête pour détournement de fonds publics qui porte sur l’utilisation de son enveloppe de frais de mandat et le recrutement de proches comme assistants parlementaires à l’Assemblée nationale.,https://www.lemonde.fr/les-decodeurs/article/2023/04/13/frais-de-mandat-perquisition-chez-le-senateur-du-nord-marc-philippe-daubresse_6169414_4355770.html
France,LeMonde,Réforme des retraites : ce qu’il faut savoir avant la décision du Conseil constitutionnel,"Les sages doivent se prononcer vendredi soir sur la constitutionnalité du projet de loi. Ils devront vérifier à la fois le fond de la réforme, et la légalité des moyens utilisés par le gouvernement pour faire adopter le texte.",https://www.lemonde.fr/les-decodeurs/article/2023/04/13/reforme-des-retraites-ce-qu-il-faut-savoir-avant-la-decision-du-conseil-constitutionnel_6166850_4355771.html
France,LeMonde,"A Marseille, le maire du 4e secteur remplacé sous la pression d’une ancienne affaire de « comportement déplacé »","Pierre Benarroche, élu de la coalition de gauche du Printemps marseillais, a cédé sa place à Olivia Fortin. Il a quitté ses fonctions après la révélation de son licenciement professionnel il y a six ans : à l’époque, son employeur lui reprochait « un comportement déplacé à l’encontre de collaboratrices ».",https://www.lemonde.fr/politique/article/2023/04/13/a-marseille-le-maire-du-4e-secteur-remplace-sous-la-pression-d-une-ancienne-affaire-de-comportement-deplace_6169411_823448.html
France,LeMonde,Nouvelle-Calédonie : les tristes ratés d’une belle cérémonie à l’Assemblée,"Une salle a été inaugurée, mercredi soir à l’Assemblée, aux noms de Jacques Lafleur et Jean-Marie Tjibaou, les figures des camps loyaliste et indépendantiste kanak qui ont fait la paix calédonienne en 1988. Mais les élus des deux camps ont boudé l’événement.",https://www.lemonde.fr/politique/article/2023/04/13/nouvelle-caledonie-les-tristes-rates-d-une-belle-ceremonie-a-l-assemblee_6169378_823448.html
